Run,ReleaseDate,LoadDate,spots,bases,spots_with_mates,avgLength,size_MB,AssemblyName,download_path,Experiment,LibraryName,LibraryStrategy,LibrarySelection,LibrarySource,LibraryLayout,InsertSize,InsertDev,Platform,Model,SRAStudy,BioProject,Study_Pubmed_id,ProjectID,Sample,BioSample,SampleType,TaxID,ScientificName,SampleName,g1k_pop_code,source,g1k_analysis_group,Subject_ID,Sex,Disease,Tumor,Affection_Status,Analyte_Type,Histological_Type,Body_Site,CenterName,Submission,dbgap_study_accession,Consent,RunHash,ReadHash
SRR1364232,2014-06-11,2014-06-09,1434047,71702350,1434047,50,52,,http://sra-download.ncbi.nlm.nih.gov/srapub/SRR1364232,SRX582240,,RNA-Seq,cDNA,TRANSCRIPTOMIC,PAIRED,0,0,ILLUMINA,Illumina HiSeq 2500,SRP027537,PRJNA212439,2,212439,SRS630745,SAMN02847895,simple,10090,Mus musculus,GSM1406686,,,,,,,no,,,,,GEO,SRA093588,,public,10ADFB382DE4CB0B299611200ECB2F59,B368B122F52DFF022617B46BCC98E6E0
SRR1364233,2014-06-11,2014-06-09,1918566,95928300,1918566,50,68,,http://sra-download.ncbi.nlm.nih.gov/srapub/SRR1364233,SRX582241,,RNA-Seq,cDNA,TRANSCRIPTOMIC,PAIRED,0,0,ILLUMINA,Illumina HiSeq 2500,SRP027537,PRJNA212439,2,212439,SRS630746,SAMN02847889,simple,10090,Mus musculus,GSM1406687,,,,,,,no,,,,,GEO,SRA093588,,public,45EBABED4E63D8255E3E35121696D302,1B17ECD296FF65149793DA38DE086222
SRR1364234,2014-06-11,2014-06-09,3249131,162456550,3249131,50,117,,http://sra-download.ncbi.nlm.nih.gov/srapub/SRR1364234,SRX582242,,RNA-Seq,cDNA,TRANSCRIPTOMIC,PAIRED,0,0,ILLUMINA,Illumina HiSeq 2500,SRP027537,PRJNA212439,2,212439,SRS630747,SAMN02847885,simple,10090,Mus musculus,GSM1406688,,,,,,,no,,,,,GEO,SRA093588,,public,226CE2C76664C872A814C9B9E2DA34F6,47DB271FD5FC507DE6991E7782FC7866
SRR1364235,2014-06-11,2014-06-09,2958289,147914450,2958289,50,105,,http://sra-download.ncbi.nlm.nih.gov/srapub/SRR1364235,SRX582243,,RNA-Seq,cDNA,TRANSCRIPTOMIC,PAIRED,0,0,ILLUMINA,Illumina HiSeq 2500,SRP027537,PRJNA212439,2,212439,SRS630748,SAMN02847899,simple,10090,Mus musculus,GSM1406689,,,,,,,no,,,,,GEO,SRA093588,,public,31085FDB412D56F2207F509CF29C85E3,C7481C55772930E1E35B9015006C9C58
SRR1364236,2014-06-11,2014-06-09,10230227,511511350,10230227,50,368,,http://sra-download.ncbi.nlm.nih.gov/srapub/SRR1364236,SRX582244,,RNA-Seq,cDNA,TRANSCRIPTOMIC,PAIRED,0,0,ILLUMINA,Illumina HiSeq 2500,SRP027537,PRJNA212439,2,212439,SRS630750,SAMN02847891,simple,10090,Mus musculus,GSM1406690,,,,,,,no,,,,,GEO,SRA093588,,public,BB332F716C933F002F0036EC7DA0747D,2E1908381ECD9E5DDF54C2250940CAFE
SRR1364237,2014-06-11,2014-06-09,2939714,146985700,2939714,50,106,,http://sra-download.ncbi.nlm.nih.gov/srapub/SRR1364237,SRX582245,,RNA-Seq,cDNA,TRANSCRIPTOMIC,PAIRED,0,0,ILLUMINA,Illumina HiSeq 2500,SRP027537,PRJNA212439,2,212439,SRS630751,SAMN02847886,simple,10090,Mus musculus,GSM1406691,,,,,,,no,,,,,GEO,SRA093588,,public,2F6C45903DAF5C075CDE5DC5AA17DA7C,0EBDC0B31507DA01A9A270FB87E2B26B
SRR1364238,2014-06-11,2014-06-09,1472853,73642650,1472853,50,53,,http://sra-download.ncbi.nlm.nih.gov/srapub/SRR1364238,SRX582246,,RNA-Seq,cDNA,TRANSCRIPTOMIC,PAIRED,0,0,ILLUMINA,Illumina HiSeq 2500,SRP027537,PRJNA212439,2,212439,SRS630752,SAMN02847896,simple,10090,Mus musculus,GSM1406692,,,,,,,no,,,,,GEO,SRA093588,,public,F37E4FE621B475615821184A6275D787,20B52DF08FF677A72D3CAF6199537BEF
SRR1364239,2014-06-11,2014-06-09,2909081,145454050,2909081,50,104,,http://sra-download.ncbi.nlm.nih.gov/srapub/SRR1364239,SRX582247,,RNA-Seq,cDNA,TRANSCRIPTOMIC,PAIRED,0,0,ILLUMINA,Illumina HiSeq 2500,SRP027537,PRJNA212439,2,212439,SRS630753,SAMN02847892,simple,10090,Mus musculus,GSM1406693,,,,,,,no,,,,,GEO,SRA093588,,public,2185E04B072D48D368817255D9D9802E,FD342C5BB1CF6893492920557AD0128F
SRR1364240,2014-06-11,2014-06-09,2618016,130900800,2618016,50,94,,http://sra-download.ncbi.nlm.nih.gov/srapub/SRR1364240,SRX582248,,RNA-Seq,cDNA,TRANSCRIPTOMIC,PAIRED,0,0,ILLUMINA,Illumina HiSeq 2500,SRP027537,PRJNA212439,2,212439,SRS630757,SAMN02847894,simple,10090,Mus musculus,GSM1406694,,,,,,,no,,,,,GEO,SRA093588,,public,B6481E47013B0052D71FD6A86D5CBDC2,7B9783ABE2691C22624822A0E7E32ABD
SRR1364241,2014-06-11,2014-06-09,2615297,130764850,2615297,50,93,,http://sra-download.ncbi.nlm.nih.gov/srapub/SRR1364241,SRX582249,,RNA-Seq,cDNA,TRANSCRIPTOMIC,PAIRED,0,0,ILLUMINA,Illumina HiSeq 2500,SRP027537,PRJNA212439,2,212439,SRS630754,SAMN02847902,simple,10090,Mus musculus,GSM1406695,,,,,,,no,,,,,GEO,SRA093588,,public,1343940C64E64945105375BFF0698FAF,5A26A1849B994E05036B8C4943F7A525
SRR1364242,2014-06-11,2014-06-09,4668859,233442950,4668859,50,167,,http://sra-download.ncbi.nlm.nih.gov/srapub/SRR1364242,SRX582250,,RNA-Seq,cDNA,TRANSCRIPTOMIC,PAIRED,0,0,ILLUMINA,Illumina HiSeq 2500,SRP027537,PRJNA212439,2,212439,SRS630755,SAMN02847905,simple,10090,Mus musculus,GSM1406696,,,,,,,no,,,,,GEO,SRA093588,,public,A51FB7F7254FF4B59E4B28AE16055915,06AF7B1A89D9928E9C8197BD8EA6D5AD
SRR1364243,2014-06-11,2014-06-09,4583802,229190100,4583802,50,165,,http://sra-download.ncbi.nlm.nih.gov/srapub/SRR1364243,SRX582251,,RNA-Seq,cDNA,TRANSCRIPTOMIC,PAIRED,0,0,ILLUMINA,Illumina HiSeq 2500,SRP027537,PRJNA212439,2,212439,SRS630756,SAMN02847898,simple,10090,Mus musculus,GSM1406697,,,,,,,no,,,,,GEO,SRA093588,,public,8361FABA0BF55D8D46B208746B02415A,0578939F3D1B7658E7D79077382A319E
SRR1364244,2014-06-11,2014-06-09,1199726,59986300,1199726,50,43,,http://sra-download.ncbi.nlm.nih.gov/srapub/SRR1364244,SRX582252,,RNA-Seq,cDNA,TRANSCRIPTOMIC,PAIRED,0,0,ILLUMINA,Illumina HiSeq 2500,SRP027537,PRJNA212439,2,212439,SRS630758,SAMN02847901,simple,10090,Mus musculus,GSM1406698,,,,,,,no,,,,,GEO,SRA093588,,public,7ADB9023D402E22669E1A96505ACBC0F,4581E1DB554B81CD92CB339C2EC53095
SRR1364245,2014-06-11,2014-06-09,1333786,66689300,1333786,50,48,,http://sra-download.ncbi.nlm.nih.gov/srapub/SRR1364245,SRX582253,,RNA-Seq,cDNA,TRANSCRIPTOMIC,PAIRED,0,0,ILLUMINA,Illumina HiSeq 2500,SRP027537,PRJNA212439,2,212439,SRS630759,SAMN02847900,simple,10090,Mus musculus,GSM1406699,,,,,,,no,,,,,GEO,SRA093588,,public,90ABF1DA9464F4D89C735513660E4B16,D0C91166227AC61049BE34399196530E
SRR1364246,2014-06-11,2014-06-09,1813223,90661150,1813223,50,65,,http://sra-download.ncbi.nlm.nih.gov/srapub/SRR1364246,SRX582254,,RNA-Seq,cDNA,TRANSCRIPTOMIC,PAIRED,0,0,ILLUMINA,Illumina HiSeq 2500,SRP027537,PRJNA212439,2,212439,SRS630760,SAMN02847903,simple,10090,Mus musculus,GSM1406700,,,,,,,no,,,,,GEO,SRA093588,,public,53F9DDE55DDE5402366D4B4BED4A494E,8BAB8616017DD02D25229AF0DB5E74A4
SRR1364247,2014-06-11,2014-06-09,1276136,63806800,1276136,50,45,,http://sra-download.ncbi.nlm.nih.gov/srapub/SRR1364247,SRX582255,,RNA-Seq,cDNA,TRANSCRIPTOMIC,PAIRED,0,0,ILLUMINA,Illumina HiSeq 2500,SRP027537,PRJNA212439,2,212439,SRS630761,SAMN02847911,simple,10090,Mus musculus,GSM1406701,,,,,,,no,,,,,GEO,SRA093588,,public,B0E2798DEAD4CC17B6063D63CEAAA2E7,E0A9480CA72A3D9BA11AFB7937504D66
SRR1364248,2014-06-11,2014-06-09,2607675,130383750,2607675,50,94,,http://sra-download.ncbi.nlm.nih.gov/srapub/SRR1364248,SRX582256,,RNA-Seq,cDNA,TRANSCRIPTOMIC,PAIRED,0,0,ILLUMINA,Illumina HiSeq 2500,SRP027537,PRJNA212439,2,212439,SRS630762,SAMN02847909,simple,10090,Mus musculus,GSM1406702,,,,,,,no,,,,,GEO,SRA093588,,public,53402FA9F56CFADED060E1A299A37DED,44608F712844FBEFA614293FA49CE370
SRR1364249,2014-06-11,2014-06-09,4528391,226419550,4528391,50,163,,http://sra-download.ncbi.nlm.nih.gov/srapub/SRR1364249,SRX582257,,RNA-Seq,cDNA,TRANSCRIPTOMIC,PAIRED,0,0,ILLUMINA,Illumina HiSeq 2500,SRP027537,PRJNA212439,2,212439,SRS630763,SAMN02847904,simple,10090,Mus musculus,GSM1406703,,,,,,,no,,,,,GEO,SRA093588,,public,AEB3A28E6AE01E8B5A95FA23246FDD95,E030891A2C4FB33C89465D37574D53F1
SRR1364250,2014-06-11,2014-06-09,2414318,120715900,2414318,50,87,,http://sra-download.ncbi.nlm.nih.gov/srapub/SRR1364250,SRX582258,,RNA-Seq,cDNA,TRANSCRIPTOMIC,PAIRED,0,0,ILLUMINA,Illumina HiSeq 2500,SRP027537,PRJNA212439,2,212439,SRS630764,SAMN02847906,simple,10090,Mus musculus,GSM1406704,,,,,,,no,,,,,GEO,SRA093588,,public,338A8DEBEEB3CEF0E4102B1EF9634601,707E9430B4E42154739A9E99E8845751
SRR1364251,2014-06-11,2014-06-09,5255532,262776600,5255532,50,189,,http://sra-download.ncbi.nlm.nih.gov/srapub/SRR1364251,SRX582259,,RNA-Seq,cDNA,TRANSCRIPTOMIC,PAIRED,0,0,ILLUMINA,Illumina HiSeq 2500,SRP027537,PRJNA212439,2,212439,SRS630765,SAMN02847918,simple,10090,Mus musculus,GSM1406705,,,,,,,no,,,,,GEO,SRA093588,,public,240AAD3F393309557E5D0E1EF75EDE36,9D4666BC3A3CB542C8EE5D65C4D56A23
SRR1364252,2014-06-11,2014-06-09,1501287,75064350,1501287,50,54,,http://sra-download.ncbi.nlm.nih.gov/srapub/SRR1364252,SRX582260,,RNA-Seq,cDNA,TRANSCRIPTOMIC,PAIRED,0,0,ILLUMINA,Illumina HiSeq 2500,SRP027537,PRJNA212439,2,212439,SRS630766,SAMN02847907,simple,10090,Mus musculus,GSM1406706,,,,,,,no,,,,,GEO,SRA093588,,public,8D55E2BEDDEDAD6D839834DA5F8398A9,DD7EB765F2E684CD795C6C1980999C4C
SRR1364253,2014-06-11,2014-06-09,1283484,64174200,1283484,50,46,,http://sra-download.ncbi.nlm.nih.gov/srapub/SRR1364253,SRX582261,,RNA-Seq,cDNA,TRANSCRIPTOMIC,PAIRED,0,0,ILLUMINA,Illumina HiSeq 2500,SRP027537,PRJNA212439,2,212439,SRS630768,SAMN02847910,simple,10090,Mus musculus,GSM1406707,,,,,,,no,,,,,GEO,SRA093588,,public,B74C21A28FC9C08B38EB209EA2733D00,B87ACAA1698EA7B67B01229ED54913C9
SRR1364254,2014-06-11,2014-06-09,2352372,117618600,2352372,50,84,,http://sra-download.ncbi.nlm.nih.gov/srapub/SRR1364254,SRX582262,,RNA-Seq,cDNA,TRANSCRIPTOMIC,PAIRED,0,0,ILLUMINA,Illumina HiSeq 2500,SRP027537,PRJNA212439,2,212439,SRS630767,SAMN02847915,simple,10090,Mus musculus,GSM1406708,,,,,,,no,,,,,GEO,SRA093588,,public,462DF99D7D2DFF7E597BCE59DFB54FB5,FBC387703C5DB57490440B23AEB2A857
SRR1364255,2014-06-11,2014-06-09,1430949,71547450,1430949,50,52,,http://sra-download.ncbi.nlm.nih.gov/srapub/SRR1364255,SRX582263,,RNA-Seq,cDNA,TRANSCRIPTOMIC,PAIRED,0,0,ILLUMINA,Illumina HiSeq 2500,SRP027537,PRJNA212439,2,212439,SRS630769,SAMN02847925,simple,10090,Mus musculus,GSM1406709,,,,,,,no,,,,,GEO,SRA093588,,public,45267448F4E94701B4F9AF88B9FD13DE,AA4DE9FA1ABD73FDEB76B262FBFFF6AA
SRR1364256,2014-06-11,2014-06-09,3651547,182577350,3651547,50,131,,http://sra-download.ncbi.nlm.nih.gov/srapub/SRR1364256,SRX582264,,RNA-Seq,cDNA,TRANSCRIPTOMIC,PAIRED,0,0,ILLUMINA,Illumina HiSeq 2500,SRP027537,PRJNA212439,2,212439,SRS630770,SAMN02848004,simple,10090,Mus musculus,GSM1406710,,,,,,,no,,,,,GEO,SRA093588,,public,74B52E3F000E3B24427A77F4CC06D618,23617B1FEE3CBE4208F536C600534E18
SRR1364257,2014-06-11,2014-06-09,1714351,85717550,1714351,50,61,,http://sra-download.ncbi.nlm.nih.gov/srapub/SRR1364257,SRX582265,,RNA-Seq,cDNA,TRANSCRIPTOMIC,PAIRED,0,0,ILLUMINA,Illumina HiSeq 2500,SRP027537,PRJNA212439,2,212439,SRS630771,SAMN02847914,simple,10090,Mus musculus,GSM1406711,,,,,,,no,,,,,GEO,SRA093588,,public,D381D844C77028C99E5C0103BA03F240,C5072FECB38B67F0A32E7BECD687045E
SRR1364258,2014-06-11,2014-06-09,2068662,103433100,2068662,50,75,,http://sra-download.ncbi.nlm.nih.gov/srapub/SRR1364258,SRX582266,,RNA-Seq,cDNA,TRANSCRIPTOMIC,PAIRED,0,0,ILLUMINA,Illumina HiSeq 2500,SRP027537,PRJNA212439,2,212439,SRS630772,SAMN02848002,simple,10090,Mus musculus,GSM1406712,,,,,,,no,,,,,GEO,SRA093588,,public,EA6E643D1A495D6C1AEEBB913EBB0E28,1E9FE9BC783AE50A725921D6D9419C91
SRR1364259,2014-06-11,2014-06-09,3756226,187811300,3756226,50,135,,http://sra-download.ncbi.nlm.nih.gov/srapub/SRR1364259,SRX582267,,RNA-Seq,cDNA,TRANSCRIPTOMIC,PAIRED,0,0,ILLUMINA,Illumina HiSeq 2500,SRP027537,PRJNA212439,2,212439,SRS630773,SAMN02848015,simple,10090,Mus musculus,GSM1406713,,,,,,,no,,,,,GEO,SRA093588,,public,5DB25917E2CD8BD18ED768DF5F31192E,D02D0B4E53F0C4A2DDB6C6F8063EED5F
SRR1364260,2014-06-11,2014-06-09,8998798,449939900,8998798,50,323,,http://sra-download.ncbi.nlm.nih.gov/srapub/SRR1364260,SRX582268,,RNA-Seq,cDNA,TRANSCRIPTOMIC,PAIRED,0,0,ILLUMINA,Illumina HiSeq 2500,SRP027537,PRJNA212439,2,212439,SRS630774,SAMN02848007,simple,10090,Mus musculus,GSM1406714,,,,,,,no,,,,,GEO,SRA093588,,public,7D5A50DCC5F676A225EAD787D9E157CE,D111A21DCF1857075B5E292698D8BECD
SRR1364261,2014-06-11,2014-06-09,4167890,208394500,4167890,50,149,,http://sra-download.ncbi.nlm.nih.gov/srapub/SRR1364261,SRX582269,,RNA-Seq,cDNA,TRANSCRIPTOMIC,PAIRED,0,0,ILLUMINA,Illumina HiSeq 2500,SRP027537,PRJNA212439,2,212439,SRS630775,SAMN02848003,simple,10090,Mus musculus,GSM1406715,,,,,,,no,,,,,GEO,SRA093588,,public,F395A22B76AF106D02DFB14DF6C859CF,7C1A3029880B5ED0B97678042172A17A
SRR1364262,2014-06-11,2014-06-09,4779196,238959800,4779196,50,172,,http://sra-download.ncbi.nlm.nih.gov/srapub/SRR1364262,SRX582270,,RNA-Seq,cDNA,TRANSCRIPTOMIC,PAIRED,0,0,ILLUMINA,Illumina HiSeq 2500,SRP027537,PRJNA212439,2,212439,SRS630776,SAMN02848138,simple,10090,Mus musculus,GSM1406716,,,,,,,no,,,,,GEO,SRA093588,,public,513C3291ADA4F04ACFB34268EC02CF30,A01284A035B5AB954AF5B8C154A2BAF6
SRR1364263,2014-06-11,2014-06-09,5035096,251754800,5035096,50,181,,http://sra-download.ncbi.nlm.nih.gov/srapub/SRR1364263,SRX582271,,RNA-Seq,cDNA,TRANSCRIPTOMIC,PAIRED,0,0,ILLUMINA,Illumina HiSeq 2500,SRP027537,PRJNA212439,2,212439,SRS630777,SAMN02848142,simple,10090,Mus musculus,GSM1406717,,,,,,,no,,,,,GEO,SRA093588,,public,76A3D1A211DD3ABCA72034411DFD794C,6B670ADAF71B5F1947B1515436EFEA49
SRR1364264,2014-06-11,2014-06-09,4926604,246330200,4926604,50,176,,http://sra-download.ncbi.nlm.nih.gov/srapub/SRR1364264,SRX582272,,RNA-Seq,cDNA,TRANSCRIPTOMIC,PAIRED,0,0,ILLUMINA,Illumina HiSeq 2500,SRP027537,PRJNA212439,2,212439,SRS630779,SAMN02848148,simple,10090,Mus musculus,GSM1406718,,,,,,,no,,,,,GEO,SRA093588,,public,6274B71CD23A0244957E596F1DF87260,AECD6CAD966D4B03B35EF6B311DF0ED5
SRR1364265,2014-06-11,2014-06-09,4265846,213292300,4265846,50,153,,http://sra-download.ncbi.nlm.nih.gov/srapub/SRR1364265,SRX582273,,RNA-Seq,cDNA,TRANSCRIPTOMIC,PAIRED,0,0,ILLUMINA,Illumina HiSeq 2500,SRP027537,PRJNA212439,2,212439,SRS630778,SAMN02848139,simple,10090,Mus musculus,GSM1406719,,,,,,,no,,,,,GEO,SRA093588,,public,16B744409DB6819FFFEEF7B9E27B861C,F63818082ACDE1294A302FE74EF2A0B5
SRR1364266,2014-06-11,2014-06-09,1896733,94836650,1896733,50,69,,http://sra-download.ncbi.nlm.nih.gov/srapub/SRR1364266,SRX582274,,RNA-Seq,cDNA,TRANSCRIPTOMIC,PAIRED,0,0,ILLUMINA,Illumina HiSeq 2500,SRP027537,PRJNA212439,2,212439,SRS630781,SAMN02848143,simple,10090,Mus musculus,GSM1406720,,,,,,,no,,,,,GEO,SRA093588,,public,F69A3695E74B88AE97E1528C51FE02FE,C3B2D0BC7965B19FFA6D184844129FB6
SRR1364267,2014-06-11,2014-06-09,1736464,86823200,1736464,50,62,,http://sra-download.ncbi.nlm.nih.gov/srapub/SRR1364267,SRX582275,,RNA-Seq,cDNA,TRANSCRIPTOMIC,PAIRED,0,0,ILLUMINA,Illumina HiSeq 2500,SRP027537,PRJNA212439,2,212439,SRS630782,SAMN02848151,simple,10090,Mus musculus,GSM1406721,,,,,,,no,,,,,GEO,SRA093588,,public,9CFFB42A98294FCC2A9A98A07978BE0E,B3D4DBBD59A5E6EDA8153624DD1490CC
SRR1364268,2014-06-11,2014-06-09,2107187,105359350,2107187,50,75,,http://sra-download.ncbi.nlm.nih.gov/srapub/SRR1364268,SRX582276,,RNA-Seq,cDNA,TRANSCRIPTOMIC,PAIRED,0,0,ILLUMINA,Illumina HiSeq 2500,SRP027537,PRJNA212439,2,212439,SRS630780,SAMN02848140,simple,10090,Mus musculus,GSM1406722,,,,,,,no,,,,,GEO,SRA093588,,public,4DE2E3CB7C058FF9FA0858B87114E05C,39DE5C45EF6BB05AFF3FFFFFFF4DB59F
SRR1364269,2014-06-11,2014-06-09,1575761,78788050,1575761,50,56,,http://sra-download.ncbi.nlm.nih.gov/srapub/SRR1364269,SRX582277,,RNA-Seq,cDNA,TRANSCRIPTOMIC,PAIRED,0,0,ILLUMINA,Illumina HiSeq 2500,SRP027537,PRJNA212439,2,212439,SRS630783,SAMN02848146,simple,10090,Mus musculus,GSM1406723,,,,,,,no,,,,,GEO,SRA093588,,public,5EC76DCC342B3931BE34EE6838EF2140,9EADC9B9390E313EA1527AE5F3009A34
SRR1364270,2014-06-11,2014-06-09,3250409,162520450,3250409,50,116,,http://sra-download.ncbi.nlm.nih.gov/srapub/SRR1364270,SRX582278,,RNA-Seq,cDNA,TRANSCRIPTOMIC,PAIRED,0,0,ILLUMINA,Illumina HiSeq 2500,SRP027537,PRJNA212439,2,212439,SRS630784,SAMN02848153,simple,10090,Mus musculus,GSM1406724,,,,,,,no,,,,,GEO,SRA093588,,public,470AB1D10FCCE8AD9A5A956B7D35428E,ADA8786F82F028BBE2D3DED57ED755C9
SRR1364271,2014-06-11,2014-06-09,1156788,57839400,1156788,50,42,,http://sra-download.ncbi.nlm.nih.gov/srapub/SRR1364271,SRX582279,,RNA-Seq,cDNA,TRANSCRIPTOMIC,PAIRED,0,0,ILLUMINA,Illumina HiSeq 2500,SRP027537,PRJNA212439,2,212439,SRS630785,SAMN02848147,simple,10090,Mus musculus,GSM1406725,,,,,,,no,,,,,GEO,SRA093588,,public,E6C30CC829345CE976405853FA719C62,2F8B609D5370CEDF5472E0365D06D900
SRR1364272,2014-06-11,2014-06-09,2453070,122653500,2453070,50,88,,http://sra-download.ncbi.nlm.nih.gov/srapub/SRR1364272,SRX582280,,RNA-Seq,cDNA,TRANSCRIPTOMIC,PAIRED,0,0,ILLUMINA,Illumina HiSeq 2500,SRP027537,PRJNA212439,2,212439,SRS630786,SAMN02848145,simple,10090,Mus musculus,GSM1406726,,,,,,,no,,,,,GEO,SRA093588,,public,C1278FC2A9D685197D247E92E95E3169,BEF9720FB7204060C939A1D7306A82FC
SRR1364273,2014-06-11,2014-06-09,3162967,158148350,3162967,50,113,,http://sra-download.ncbi.nlm.nih.gov/srapub/SRR1364273,SRX582281,,RNA-Seq,cDNA,TRANSCRIPTOMIC,PAIRED,0,0,ILLUMINA,Illumina HiSeq 2500,SRP027537,PRJNA212439,2,212439,SRS630787,SAMN02848154,simple,10090,Mus musculus,GSM1406727,,,,,,,no,,,,,GEO,SRA093588,,public,6E43676A4C73E4ADD4A1EAE3B01D4C40,0B177324DC3EB1CDA591C9803B8B10CC
SRR1364274,2014-06-11,2014-06-09,2901870,145093500,2901870,50,104,,http://sra-download.ncbi.nlm.nih.gov/srapub/SRR1364274,SRX582282,,RNA-Seq,cDNA,TRANSCRIPTOMIC,PAIRED,0,0,ILLUMINA,Illumina HiSeq 2500,SRP027537,PRJNA212439,2,212439,SRS630788,SAMN02848149,simple,10090,Mus musculus,GSM1406728,,,,,,,no,,,,,GEO,SRA093588,,public,428E0B75DB439AA229A31BB898DF3775,EDC4135FC55332753ECE939287CF0BA6
SRR1364275,2014-06-11,2014-06-09,2905923,145296150,2905923,50,104,,http://sra-download.ncbi.nlm.nih.gov/srapub/SRR1364275,SRX582283,,RNA-Seq,cDNA,TRANSCRIPTOMIC,PAIRED,0,0,ILLUMINA,Illumina HiSeq 2500,SRP027537,PRJNA212439,2,212439,SRS630789,SAMN02848150,simple,10090,Mus musculus,GSM1406729,,,,,,,no,,,,,GEO,SRA093588,,public,4AC2BF8FAD7CBDF10A314FFBDD9A0F0C,C2B6605708D66F8424259E0DE535EEEE
SRR1364276,2014-06-11,2014-06-09,2984283,149214150,2984283,50,107,,http://sra-download.ncbi.nlm.nih.gov/srapub/SRR1364276,SRX582284,,RNA-Seq,cDNA,TRANSCRIPTOMIC,PAIRED,0,0,ILLUMINA,Illumina HiSeq 2500,SRP027537,PRJNA212439,2,212439,SRS630790,SAMN02848159,simple,10090,Mus musculus,GSM1406730,,,,,,,no,,,,,GEO,SRA093588,,public,6DEBD927D12228FCB3C3006B89A90DBC,5815EB0987E9EB7BF13379E1C40FC289
SRR1364277,2014-06-11,2014-06-09,3078675,153933750,3078675,50,111,,http://sra-download.ncbi.nlm.nih.gov/srapub/SRR1364277,SRX582285,,RNA-Seq,cDNA,TRANSCRIPTOMIC,PAIRED,0,0,ILLUMINA,Illumina HiSeq 2500,SRP027537,PRJNA212439,2,212439,SRS630792,SAMN02848152,simple,10090,Mus musculus,GSM1406731,,,,,,,no,,,,,GEO,SRA093588,,public,0FE8C4D41BC39868F7460D567C0797BC,39879B77E764E5842FD18F03928A352D
SRR1364278,2014-06-11,2014-06-09,1757878,87893900,1757878,50,62,,http://sra-download.ncbi.nlm.nih.gov/srapub/SRR1364278,SRX582286,,RNA-Seq,cDNA,TRANSCRIPTOMIC,PAIRED,0,0,ILLUMINA,Illumina HiSeq 2500,SRP027537,PRJNA212439,2,212439,SRS630791,SAMN02848155,simple,10090,Mus musculus,GSM1406732,,,,,,,no,,,,,GEO,SRA093588,,public,5AEFD0E956B9B9E1A4C6546F6F8650BE,74E2E3A485E9C5766D06A50270108CD5
SRR1364279,2014-06-11,2014-06-09,3723127,186156350,3723127,50,131,,http://sra-download.ncbi.nlm.nih.gov/srapub/SRR1364279,SRX582287,,RNA-Seq,cDNA,TRANSCRIPTOMIC,PAIRED,0,0,ILLUMINA,Illumina HiSeq 2500,SRP027537,PRJNA212439,2,212439,SRS630793,SAMN02848166,simple,10090,Mus musculus,GSM1406733,,,,,,,no,,,,,GEO,SRA093588,,public,A7A9207F852CAC4DC23F9A27981369D3,37C326D16CFAAFB6C3010F436FC1A16A
SRR1364280,2014-06-11,2014-06-09,1489109,74455450,1489109,50,52,,http://sra-download.ncbi.nlm.nih.gov/srapub/SRR1364280,SRX582288,,RNA-Seq,cDNA,TRANSCRIPTOMIC,PAIRED,0,0,ILLUMINA,Illumina HiSeq 2500,SRP027537,PRJNA212439,2,212439,SRS630794,SAMN02848156,simple,10090,Mus musculus,GSM1406734,,,,,,,no,,,,,GEO,SRA093588,,public,3FB943BD48446560AD6BFA4EDA84F0CE,026B79370386C69EEDAC2E18D6841D93
SRR1364281,2014-06-11,2014-06-09,1018707,50935350,1018707,50,36,,http://sra-download.ncbi.nlm.nih.gov/srapub/SRR1364281,SRX582289,,RNA-Seq,cDNA,TRANSCRIPTOMIC,PAIRED,0,0,ILLUMINA,Illumina HiSeq 2500,SRP027537,PRJNA212439,2,212439,SRS630795,SAMN02848157,simple,10090,Mus musculus,GSM1406735,,,,,,,no,,,,,GEO,SRA093588,,public,EFDBDEE7B5AE779CEF5C1564154D05D9,CAF82680C85CAC30424862939FA31594
SRR1364282,2014-06-11,2014-06-09,1153931,57696550,1153931,50,40,,http://sra-download.ncbi.nlm.nih.gov/srapub/SRR1364282,SRX582290,,RNA-Seq,cDNA,TRANSCRIPTOMIC,PAIRED,0,0,ILLUMINA,Illumina HiSeq 2500,SRP027537,PRJNA212439,2,212439,SRS630796,SAMN02848165,simple,10090,Mus musculus,GSM1406736,,,,,,,no,,,,,GEO,SRA093588,,public,BDAF24DD5A01F70892CA07002A4D0E33,283DB0B0A97798380A0DFED948B76100
SRR1364283,2014-06-11,2014-06-09,4675878,233793900,4675878,50,166,,http://sra-download.ncbi.nlm.nih.gov/srapub/SRR1364283,SRX582291,,RNA-Seq,cDNA,TRANSCRIPTOMIC,PAIRED,0,0,ILLUMINA,Illumina HiSeq 2500,SRP027537,PRJNA212439,2,212439,SRS630797,SAMN02848158,simple,10090,Mus musculus,GSM1406737,,,,,,,no,,,,,GEO,SRA093588,,public,74B7DA0DC3A7BBCDA48ADD2CDDD20A1B,52ED55CED556B3468D18EB89B95582A9
SRR1364284,2014-06-11,2014-06-09,1174058,58702900,1174058,50,41,,http://sra-download.ncbi.nlm.nih.gov/srapub/SRR1364284,SRX582292,,RNA-Seq,cDNA,TRANSCRIPTOMIC,PAIRED,0,0,ILLUMINA,Illumina HiSeq 2500,SRP027537,PRJNA212439,2,212439,SRS630798,SAMN02848160,simple,10090,Mus musculus,GSM1406738,,,,,,,no,,,,,GEO,SRA093588,,public,75AF92A2CA7BB95BD70491F79FBD1535,A72FC8C41BFAD0FCD6A18DCD0F707795
SRR1364285,2014-06-11,2014-06-09,5629918,281495900,5629918,50,198,,http://sra-download.ncbi.nlm.nih.gov/srapub/SRR1364285,SRX582293,,RNA-Seq,cDNA,TRANSCRIPTOMIC,PAIRED,0,0,ILLUMINA,Illumina HiSeq 2500,SRP027537,PRJNA212439,2,212439,SRS630799,SAMN02848169,simple,10090,Mus musculus,GSM1406739,,,,,,,no,,,,,GEO,SRA093588,,public,B83D6402D6A2260345A6F3C2E780CE42,639E0E4503ACF8FB917EFCF262F9F09B
SRR1364286,2014-06-11,2014-06-09,2136143,106807150,2136143,50,75,,http://sra-download.ncbi.nlm.nih.gov/srapub/SRR1364286,SRX582294,,RNA-Seq,cDNA,TRANSCRIPTOMIC,PAIRED,0,0,ILLUMINA,Illumina HiSeq 2500,SRP027537,PRJNA212439,2,212439,SRS630800,SAMN02848162,simple,10090,Mus musculus,GSM1406740,,,,,,,no,,,,,GEO,SRA093588,,public,C92D0C15A337D2E69B378C72DF269289,75972A54350D7A8B483EABF1640C0C17
SRR1364287,2014-06-11,2014-06-09,1123630,56181500,1123630,50,40,,http://sra-download.ncbi.nlm.nih.gov/srapub/SRR1364287,SRX582295,,RNA-Seq,cDNA,TRANSCRIPTOMIC,PAIRED,0,0,ILLUMINA,Illumina HiSeq 2500,SRP027537,PRJNA212439,2,212439,SRS630801,SAMN02848161,simple,10090,Mus musculus,GSM1406741,,,,,,,no,,,,,GEO,SRA093588,,public,22708AC55A02AA1C628BC2A240693BC0,D228D86F905CCE7DC9CDC7D16360DB3A
SRR1364288,2014-06-11,2014-06-09,2301021,115051050,2301021,50,81,,http://sra-download.ncbi.nlm.nih.gov/srapub/SRR1364288,SRX582296,,RNA-Seq,cDNA,TRANSCRIPTOMIC,PAIRED,0,0,ILLUMINA,Illumina HiSeq 2500,SRP027537,PRJNA212439,2,212439,SRS630802,SAMN02848172,simple,10090,Mus musculus,GSM1406742,,,,,,,no,,,,,GEO,SRA093588,,public,BB3197B4C9228793CA40C6DFA5845100,D9374E602BCF41C8EC298D694721D252
SRR1364289,2014-06-11,2014-06-09,1233264,61663200,1233264,50,43,,http://sra-download.ncbi.nlm.nih.gov/srapub/SRR1364289,SRX582297,,RNA-Seq,cDNA,TRANSCRIPTOMIC,PAIRED,0,0,ILLUMINA,Illumina HiSeq 2500,SRP027537,PRJNA212439,2,212439,SRS630803,SAMN02848168,simple,10090,Mus musculus,GSM1406743,,,,,,,no,,,,,GEO,SRA093588,,public,DA044D7944B1452AFD9CC39AD8563432,E88BBE6DA1493648BEB86F8858731D54
SRR1364290,2014-06-11,2014-06-09,2118008,105900400,2118008,50,75,,http://sra-download.ncbi.nlm.nih.gov/srapub/SRR1364290,SRX582298,,RNA-Seq,cDNA,TRANSCRIPTOMIC,PAIRED,0,0,ILLUMINA,Illumina HiSeq 2500,SRP027537,PRJNA212439,2,212439,SRS630804,SAMN02848163,simple,10090,Mus musculus,GSM1406744,,,,,,,no,,,,,GEO,SRA093588,,public,176EAB3380D474C567F1841BAFF4CB79,D81D37550C8D256F2A48E50AF2549450
SRR1364291,2014-06-11,2014-06-09,1380229,69011450,1380229,50,48,,http://sra-download.ncbi.nlm.nih.gov/srapub/SRR1364291,SRX582299,,RNA-Seq,cDNA,TRANSCRIPTOMIC,PAIRED,0,0,ILLUMINA,Illumina HiSeq 2500,SRP027537,PRJNA212439,2,212439,SRS630805,SAMN02848175,simple,10090,Mus musculus,GSM1406745,,,,,,,no,,,,,GEO,SRA093588,,public,A9D33B93D0973B12A5565198BD580158,3E583ACC5FCFF1A484444F6DA82CB87D
SRR1364292,2014-06-11,2014-06-09,1663766,83188300,1663766,50,58,,http://sra-download.ncbi.nlm.nih.gov/srapub/SRR1364292,SRX582300,,RNA-Seq,cDNA,TRANSCRIPTOMIC,PAIRED,0,0,ILLUMINA,Illumina HiSeq 2500,SRP027537,PRJNA212439,2,212439,SRS630806,SAMN02848167,simple,10090,Mus musculus,GSM1406746,,,,,,,no,,,,,GEO,SRA093588,,public,3073BE172FCE778F6D9A88505BA65F20,A0B9DF59FC252CE208960986E84D4496
SRR1364293,2014-06-11,2014-06-09,1382092,69104600,1382092,50,48,,http://sra-download.ncbi.nlm.nih.gov/srapub/SRR1364293,SRX582301,,RNA-Seq,cDNA,TRANSCRIPTOMIC,PAIRED,0,0,ILLUMINA,Illumina HiSeq 2500,SRP027537,PRJNA212439,2,212439,SRS630807,SAMN02848164,simple,10090,Mus musculus,GSM1406747,,,,,,,no,,,,,GEO,SRA093588,,public,D95AA9E726AB46A81A68E8B6046464AF,F04FA8890D22A0E2BCF6515337879DC1
SRR1364294,2014-06-11,2014-06-09,2388691,119434550,2388691,50,84,,http://sra-download.ncbi.nlm.nih.gov/srapub/SRR1364294,SRX582302,,RNA-Seq,cDNA,TRANSCRIPTOMIC,PAIRED,0,0,ILLUMINA,Illumina HiSeq 2500,SRP027537,PRJNA212439,2,212439,SRS630808,SAMN02848177,simple,10090,Mus musculus,GSM1406748,,,,,,,no,,,,,GEO,SRA093588,,public,3581444BF4033B50FF628C3F46698EDC,9BEE09999F287ABFEB230B2559AB2AB3
SRR1364295,2014-06-11,2014-06-09,2939795,146989750,2939795,50,104,,http://sra-download.ncbi.nlm.nih.gov/srapub/SRR1364295,SRX582303,,RNA-Seq,cDNA,TRANSCRIPTOMIC,PAIRED,0,0,ILLUMINA,Illumina HiSeq 2500,SRP027537,PRJNA212439,2,212439,SRS630809,SAMN02848170,simple,10090,Mus musculus,GSM1406749,,,,,,,no,,,,,GEO,SRA093588,,public,625D9A32BBB8165D7B9E905EFB69C2B6,8DB4BC44A456E0A5A70556D4AF689D41
SRR1364296,2014-06-11,2014-06-09,1348107,67405350,1348107,50,47,,http://sra-download.ncbi.nlm.nih.gov/srapub/SRR1364296,SRX582304,,RNA-Seq,cDNA,TRANSCRIPTOMIC,PAIRED,0,0,ILLUMINA,Illumina HiSeq 2500,SRP027537,PRJNA212439,2,212439,SRS630810,SAMN02848173,simple,10090,Mus musculus,GSM1406750,,,,,,,no,,,,,GEO,SRA093588,,public,1A817C00BD08E076B0678B71CCAD36C1,17D65CDB95F5C2158F8EF1FE0D55C1AC
SRR1364297,2014-06-11,2014-06-09,1239114,61955700,1239114,50,44,,http://sra-download.ncbi.nlm.nih.gov/srapub/SRR1364297,SRX582305,,RNA-Seq,cDNA,TRANSCRIPTOMIC,PAIRED,0,0,ILLUMINA,Illumina HiSeq 2500,SRP027537,PRJNA212439,2,212439,SRS630811,SAMN02848182,simple,10090,Mus musculus,GSM1406751,,,,,,,no,,,,,GEO,SRA093588,,public,E1BB16B4F5AE2111ACEA91B21935B215,28EF475BB862AEA1492EF3D4D57544F5
SRR1364298,2014-06-11,2014-06-09,5593867,279693350,5593867,50,198,,http://sra-download.ncbi.nlm.nih.gov/srapub/SRR1364298,SRX582306,,RNA-Seq,cDNA,TRANSCRIPTOMIC,PAIRED,0,0,ILLUMINA,Illumina HiSeq 2500,SRP027537,PRJNA212439,2,212439,SRS630813,SAMN02848171,simple,10090,Mus musculus,GSM1406752,,,,,,,no,,,,,GEO,SRA093588,,public,140FB601B80F12719FF127CFDB262763,94EAA5A546C13ADE2B29990F4F2697D7
SRR1364299,2014-06-11,2014-06-09,4495078,224753900,4495078,50,159,,http://sra-download.ncbi.nlm.nih.gov/srapub/SRR1364299,SRX582307,,RNA-Seq,cDNA,TRANSCRIPTOMIC,PAIRED,0,0,ILLUMINA,Illumina HiSeq 2500,SRP027537,PRJNA212439,2,212439,SRS630812,SAMN02848174,simple,10090,Mus musculus,GSM1406753,,,,,,,no,,,,,GEO,SRA093588,,public,4D30D65B10A5096C4801D842152C0869,7E8B6818CF81434FDFFD23BA351B191C
SRR1364300,2014-06-11,2014-06-09,3047522,152376100,3047522,50,107,,http://sra-download.ncbi.nlm.nih.gov/srapub/SRR1364300,SRX582308,,RNA-Seq,cDNA,TRANSCRIPTOMIC,PAIRED,0,0,ILLUMINA,Illumina HiSeq 2500,SRP027537,PRJNA212439,2,212439,SRS630814,SAMN02848183,simple,10090,Mus musculus,GSM1406754,,,,,,,no,,,,,GEO,SRA093588,,public,E23AC907E28ABC25B39DC3106BAC60FF,D4AE27C605940F40B6587B3F8C063CB9
SRR1364301,2014-06-11,2014-06-09,2065742,103287100,2065742,50,73,,http://sra-download.ncbi.nlm.nih.gov/srapub/SRR1364301,SRX582309,,RNA-Seq,cDNA,TRANSCRIPTOMIC,PAIRED,0,0,ILLUMINA,Illumina HiSeq 2500,SRP027537,PRJNA212439,2,212439,SRS630815,SAMN02848176,simple,10090,Mus musculus,GSM1406755,,,,,,,no,,,,,GEO,SRA093588,,public,7C12FF612C6216F2AA73AA06C6DF9DFB,11FBE8F4E851C556B1B2964A1E359979
SRR1364302,2014-06-11,2014-06-09,1234290,61714500,1234290,50,43,,http://sra-download.ncbi.nlm.nih.gov/srapub/SRR1364302,SRX582310,,RNA-Seq,cDNA,TRANSCRIPTOMIC,PAIRED,0,0,ILLUMINA,Illumina HiSeq 2500,SRP027537,PRJNA212439,2,212439,SRS630816,SAMN02848180,simple,10090,Mus musculus,GSM1406756,,,,,,,no,,,,,GEO,SRA093588,,public,E1C607AB2FCE523B39B14C3B84EE0BE3,9383FD3CBF6664565212AB2BF739374A
SRR1364303,2014-06-11,2014-06-09,1983313,99165650,1983313,50,70,,http://sra-download.ncbi.nlm.nih.gov/srapub/SRR1364303,SRX582311,,RNA-Seq,cDNA,TRANSCRIPTOMIC,PAIRED,0,0,ILLUMINA,Illumina HiSeq 2500,SRP027537,PRJNA212439,2,212439,SRS630817,SAMN02848187,simple,10090,Mus musculus,GSM1406757,,,,,,,no,,,,,GEO,SRA093588,,public,8B99F028E23541916A12C80426A58E22,23E426B368F22AB2386B8421B01ED5EE
SRR1364304,2014-06-11,2014-06-09,1122324,56116200,1122324,50,39,,http://sra-download.ncbi.nlm.nih.gov/srapub/SRR1364304,SRX582312,,RNA-Seq,cDNA,TRANSCRIPTOMIC,PAIRED,0,0,ILLUMINA,Illumina HiSeq 2500,SRP027537,PRJNA212439,2,212439,SRS630818,SAMN02848179,simple,10090,Mus musculus,GSM1406758,,,,,,,no,,,,,GEO,SRA093588,,public,CD34521F1852C6D8191BF3B1D2954F88,218797C79468D365DFB15122BD1FB108
SRR1364305,2014-06-11,2014-06-09,6273049,313652450,6273049,50,222,,http://sra-download.ncbi.nlm.nih.gov/srapub/SRR1364305,SRX582313,,RNA-Seq,cDNA,TRANSCRIPTOMIC,PAIRED,0,0,ILLUMINA,Illumina HiSeq 2500,SRP027537,PRJNA212439,2,212439,SRS630819,SAMN02848186,simple,10090,Mus musculus,GSM1406759,,,,,,,no,,,,,GEO,SRA093588,,public,E921B552594320C9C749E463E3A3DB20,9B9F6F547618D526915591DC3C3A31A7
SRR1364306,2014-06-11,2014-06-09,1846542,92327100,1846542,50,65,,http://sra-download.ncbi.nlm.nih.gov/srapub/SRR1364306,SRX582314,,RNA-Seq,cDNA,TRANSCRIPTOMIC,PAIRED,0,0,ILLUMINA,Illumina HiSeq 2500,SRP027537,PRJNA212439,2,212439,SRS630820,SAMN02848193,simple,10090,Mus musculus,GSM1406760,,,,,,,no,,,,,GEO,SRA093588,,public,4A8FE3455C00BBDDBABA787C1C716AF7,A99EDB67A561654E8033E23F7E287000
SRR1364307,2014-06-11,2014-06-09,1797818,89890900,1797818,50,63,,http://sra-download.ncbi.nlm.nih.gov/srapub/SRR1364307,SRX582315,,RNA-Seq,cDNA,TRANSCRIPTOMIC,PAIRED,0,0,ILLUMINA,Illumina HiSeq 2500,SRP027537,PRJNA212439,2,212439,SRS630821,SAMN02848178,simple,10090,Mus musculus,GSM1406761,,,,,,,no,,,,,GEO,SRA093588,,public,E43E77455C574D049318A3345B8A91F1,A0F823A99AB8ECCE62631EF6C681502D
SRR1364308,2014-06-11,2014-06-09,2334065,116703250,2334065,50,82,,http://sra-download.ncbi.nlm.nih.gov/srapub/SRR1364308,SRX582316,,RNA-Seq,cDNA,TRANSCRIPTOMIC,PAIRED,0,0,ILLUMINA,Illumina HiSeq 2500,SRP027537,PRJNA212439,2,212439,SRS630822,SAMN02848188,simple,10090,Mus musculus,GSM1406762,,,,,,,no,,,,,GEO,SRA093588,,public,864C4273D990DAC9FF0CF4C9376389BD,381938FBF4063EB5A9C132AE866C5BED
SRR1364309,2014-06-11,2014-06-09,5794442,289722100,5794442,50,204,,http://sra-download.ncbi.nlm.nih.gov/srapub/SRR1364309,SRX582317,,RNA-Seq,cDNA,TRANSCRIPTOMIC,PAIRED,0,0,ILLUMINA,Illumina HiSeq 2500,SRP027537,PRJNA212439,2,212439,SRS630823,SAMN02848194,simple,10090,Mus musculus,GSM1406763,,,,,,,no,,,,,GEO,SRA093588,,public,FD4F08D71983DE56F4E8A915FD9F3491,6EF8B634FD31E2F8A6E13E0C68A6688B
SRR1364310,2014-06-11,2014-06-09,1442888,72144400,1442888,50,51,,http://sra-download.ncbi.nlm.nih.gov/srapub/SRR1364310,SRX582318,,RNA-Seq,cDNA,TRANSCRIPTOMIC,PAIRED,0,0,ILLUMINA,Illumina HiSeq 2500,SRP027537,PRJNA212439,2,212439,SRS630824,SAMN02848181,simple,10090,Mus musculus,GSM1406764,,,,,,,no,,,,,GEO,SRA093588,,public,9ABE0B679B0E9A9F7F7FD59125BDD5F9,8384A2F545EB743249E500DF28F345C9
SRR1364311,2014-06-11,2014-06-09,2007221,100361050,2007221,50,71,,http://sra-download.ncbi.nlm.nih.gov/srapub/SRR1364311,SRX582319,,RNA-Seq,cDNA,TRANSCRIPTOMIC,PAIRED,0,0,ILLUMINA,Illumina HiSeq 2500,SRP027537,PRJNA212439,2,212439,SRS630826,SAMN02848189,simple,10090,Mus musculus,GSM1406765,,,,,,,no,,,,,GEO,SRA093588,,public,47A10D76B074C41A14E84BBE5874C497,E3AF6495790286E69FB86B35366BF6CB
SRR1364312,2014-06-11,2014-06-09,1920134,96006700,1920134,50,68,,http://sra-download.ncbi.nlm.nih.gov/srapub/SRR1364312,SRX582320,,RNA-Seq,cDNA,TRANSCRIPTOMIC,PAIRED,0,0,ILLUMINA,Illumina HiSeq 2500,SRP027537,PRJNA212439,2,212439,SRS630825,SAMN02848196,simple,10090,Mus musculus,GSM1406766,,,,,,,no,,,,,GEO,SRA093588,,public,58FA5FAC136092FD73AFE8E28D342664,31C90246BE36A988A28CC34E64A62043
SRR1364313,2014-06-11,2014-06-09,3491740,174587000,3491740,50,123,,http://sra-download.ncbi.nlm.nih.gov/srapub/SRR1364313,SRX582321,,RNA-Seq,cDNA,TRANSCRIPTOMIC,PAIRED,0,0,ILLUMINA,Illumina HiSeq 2500,SRP027537,PRJNA212439,2,212439,SRS630827,SAMN02848190,simple,10090,Mus musculus,GSM1406767,,,,,,,no,,,,,GEO,SRA093588,,public,64632F3AF8C2B1C403630789D6C2CCF7,65D3019F6ED26C9E55B43BBEEFB119A1
SRR1364314,2014-06-11,2014-06-09,4565017,228250850,4565017,50,161,,http://sra-download.ncbi.nlm.nih.gov/srapub/SRR1364314,SRX582322,,RNA-Seq,cDNA,TRANSCRIPTOMIC,PAIRED,0,0,ILLUMINA,Illumina HiSeq 2500,SRP027537,PRJNA212439,2,212439,SRS630828,SAMN02848199,simple,10090,Mus musculus,GSM1406768,,,,,,,no,,,,,GEO,SRA093588,,public,5209F8886150278D51F69905CF14C88B,F415C6054E850145DA546DD611CB63A7
SRR1364315,2014-06-11,2014-06-09,1633593,81679650,1633593,50,57,,http://sra-download.ncbi.nlm.nih.gov/srapub/SRR1364315,SRX582323,,RNA-Seq,cDNA,TRANSCRIPTOMIC,PAIRED,0,0,ILLUMINA,Illumina HiSeq 2500,SRP027537,PRJNA212439,2,212439,SRS630829,SAMN02848185,simple,10090,Mus musculus,GSM1406769,,,,,,,no,,,,,GEO,SRA093588,,public,AA53D88506D4608162738D30DB278A49,B47B0B975D69FE0BA5C80798318DD158
SRR1364316,2014-06-11,2014-06-09,1604854,80242700,1604854,50,56,,http://sra-download.ncbi.nlm.nih.gov/srapub/SRR1364316,SRX582324,,RNA-Seq,cDNA,TRANSCRIPTOMIC,PAIRED,0,0,ILLUMINA,Illumina HiSeq 2500,SRP027537,PRJNA212439,2,212439,SRS630831,SAMN02848107,simple,10090,Mus musculus,GSM1406770,,,,,,,no,,,,,GEO,SRA093588,,public,CDEDC14C57A51CFEB14172D00DDFE373,AFB6447B130C69D428D709C898421B96
SRR1364317,2014-06-11,2014-06-09,2553913,127695650,2553913,50,90,,http://sra-download.ncbi.nlm.nih.gov/srapub/SRR1364317,SRX582325,,RNA-Seq,cDNA,TRANSCRIPTOMIC,PAIRED,0,0,ILLUMINA,Illumina HiSeq 2500,SRP027537,PRJNA212439,2,212439,SRS630830,SAMN02848184,simple,10090,Mus musculus,GSM1406771,,,,,,,no,,,,,GEO,SRA093588,,public,F58915BAC7E5057965AA554EAB405FF0,6814FA2B2CD2E651905BD55C26060365
SRR1364318,2014-06-11,2014-06-09,2787000,139350000,2787000,50,98,,http://sra-download.ncbi.nlm.nih.gov/srapub/SRR1364318,SRX582326,,RNA-Seq,cDNA,TRANSCRIPTOMIC,PAIRED,0,0,ILLUMINA,Illumina HiSeq 2500,SRP027537,PRJNA212439,2,212439,SRS630833,SAMN02848103,simple,10090,Mus musculus,GSM1406772,,,,,,,no,,,,,GEO,SRA093588,,public,47254F3A9149BD03258095296DA1EF1D,C28E910BB93C0899FE69550A0AC048D9
SRR1364319,2014-06-11,2014-06-09,2007901,100395050,2007901,50,71,,http://sra-download.ncbi.nlm.nih.gov/srapub/SRR1364319,SRX582327,,RNA-Seq,cDNA,TRANSCRIPTOMIC,PAIRED,0,0,ILLUMINA,Illumina HiSeq 2500,SRP027537,PRJNA212439,2,212439,SRS630832,SAMN02848105,simple,10090,Mus musculus,GSM1406773,,,,,,,no,,,,,GEO,SRA093588,,public,7E1692E851EA934F3422C426DC673B58,931E5229B4C0202FB547683271C4691A
SRR1364320,2014-06-11,2014-06-09,1381860,69093000,1381860,50,49,,http://sra-download.ncbi.nlm.nih.gov/srapub/SRR1364320,SRX582328,,RNA-Seq,cDNA,TRANSCRIPTOMIC,PAIRED,0,0,ILLUMINA,Illumina HiSeq 2500,SRP027537,PRJNA212439,2,212439,SRS630834,SAMN02848104,simple,10090,Mus musculus,GSM1406774,,,,,,,no,,,,,GEO,SRA093588,,public,7A8F6F74BCDFB90F2C4E5A4DA1D58667,81970350D8D829A84A891D375FF1E79B
SRR1364321,2014-06-11,2014-06-09,2802213,140110650,2802213,50,99,,http://sra-download.ncbi.nlm.nih.gov/srapub/SRR1364321,SRX582329,,RNA-Seq,cDNA,TRANSCRIPTOMIC,PAIRED,0,0,ILLUMINA,Illumina HiSeq 2500,SRP027537,PRJNA212439,2,212439,SRS630835,SAMN02848102,simple,10090,Mus musculus,GSM1406775,,,,,,,no,,,,,GEO,SRA093588,,public,D631A0E8E29BC131CD769BF62AB7421E,585E88FD55D22DA939DE68E91337EC8B
SRR1364322,2014-06-11,2014-06-09,1317068,65853400,1317068,50,46,,http://sra-download.ncbi.nlm.nih.gov/srapub/SRR1364322,SRX582330,,RNA-Seq,cDNA,TRANSCRIPTOMIC,PAIRED,0,0,ILLUMINA,Illumina HiSeq 2500,SRP027537,PRJNA212439,2,212439,SRS630836,SAMN02848109,simple,10090,Mus musculus,GSM1406776,,,,,,,no,,,,,GEO,SRA093588,,public,BE43E472A72B1F7347F10FA5BBF9CD38,A938B2BE4CDE646239E779C36113C1AD
SRR1364323,2014-06-11,2014-06-09,1550676,77533800,1550676,50,54,,http://sra-download.ncbi.nlm.nih.gov/srapub/SRR1364323,SRX582331,,RNA-Seq,cDNA,TRANSCRIPTOMIC,PAIRED,0,0,ILLUMINA,Illumina HiSeq 2500,SRP027537,PRJNA212439,2,212439,SRS630837,SAMN02848106,simple,10090,Mus musculus,GSM1406777,,,,,,,no,,,,,GEO,SRA093588,,public,9A46E4C7813BA881FAB98EB68E17EDE9,B4AB85FE1524434360DC61E4FE76DD6E
SRR1364324,2014-06-11,2014-06-09,1688236,84411800,1688236,50,59,,http://sra-download.ncbi.nlm.nih.gov/srapub/SRR1364324,SRX582332,,RNA-Seq,cDNA,TRANSCRIPTOMIC,PAIRED,0,0,ILLUMINA,Illumina HiSeq 2500,SRP027537,PRJNA212439,2,212439,SRS630838,SAMN02848111,simple,10090,Mus musculus,GSM1406778,,,,,,,no,,,,,GEO,SRA093588,,public,CD7BEA8E01AEF93E835BCD44CBCD63B5,9776E0BA87634E66F4270CC30A344D76
SRR1364325,2014-06-11,2014-06-09,1817381,90869050,1817381,50,64,,http://sra-download.ncbi.nlm.nih.gov/srapub/SRR1364325,SRX582333,,RNA-Seq,cDNA,TRANSCRIPTOMIC,PAIRED,0,0,ILLUMINA,Illumina HiSeq 2500,SRP027537,PRJNA212439,2,212439,SRS630839,SAMN02848101,simple,10090,Mus musculus,GSM1406779,,,,,,,no,,,,,GEO,SRA093588,,public,438263E0BE7E7EED40CA8C6EFCDDE974,FDCB2932C102392B00C47421059443A0
SRR1364326,2014-06-11,2014-06-09,1023894,51194700,1023894,50,36,,http://sra-download.ncbi.nlm.nih.gov/srapub/SRR1364326,SRX582334,,RNA-Seq,cDNA,TRANSCRIPTOMIC,PAIRED,0,0,ILLUMINA,Illumina HiSeq 2500,SRP027537,PRJNA212439,2,212439,SRS630840,SAMN02848110,simple,10090,Mus musculus,GSM1406780,,,,,,,no,,,,,GEO,SRA093588,,public,33D4AC088A477FFD70BC3C2085ED3354,CB9D9C5EA06344E24BCBEE047497324A
SRR1364327,2014-06-11,2014-06-09,1419819,70990950,1419819,50,50,,http://sra-download.ncbi.nlm.nih.gov/srapub/SRR1364327,SRX582335,,RNA-Seq,cDNA,TRANSCRIPTOMIC,PAIRED,0,0,ILLUMINA,Illumina HiSeq 2500,SRP027537,PRJNA212439,2,212439,SRS630841,SAMN02848112,simple,10090,Mus musculus,GSM1406781,,,,,,,no,,,,,GEO,SRA093588,,public,6A2FA57D94D8BECDA9F40E50BDE1CF0C,546FA7A7C58ADFC687AC50F69B269B5E
SRR1364328,2014-06-11,2014-06-09,2494130,124706500,2494130,50,88,,http://sra-download.ncbi.nlm.nih.gov/srapub/SRR1364328,SRX582336,,RNA-Seq,cDNA,TRANSCRIPTOMIC,PAIRED,0,0,ILLUMINA,Illumina HiSeq 2500,SRP027537,PRJNA212439,2,212439,SRS630842,SAMN02848108,simple,10090,Mus musculus,GSM1406782,,,,,,,no,,,,,GEO,SRA093588,,public,0260408A5F13921D591B95F96D1AE436,DD44EB7533D52484190DA8999E6F9B8F
SRR1364329,2014-06-11,2014-06-09,1528240,76412000,1528240,50,54,,http://sra-download.ncbi.nlm.nih.gov/srapub/SRR1364329,SRX582337,,RNA-Seq,cDNA,TRANSCRIPTOMIC,PAIRED,0,0,ILLUMINA,Illumina HiSeq 2500,SRP027537,PRJNA212439,2,212439,SRS630844,SAMN02848116,simple,10090,Mus musculus,GSM1406783,,,,,,,no,,,,,GEO,SRA093588,,public,3F9D5040D6305BB9478BB8BAF035AD61,0BB9B4831CF65D5445C6E5D152E742EE
SRR1364330,2014-06-11,2014-06-09,1482009,74100450,1482009,50,52,,http://sra-download.ncbi.nlm.nih.gov/srapub/SRR1364330,SRX582338,,RNA-Seq,cDNA,TRANSCRIPTOMIC,PAIRED,0,0,ILLUMINA,Illumina HiSeq 2500,SRP027537,PRJNA212439,2,212439,SRS630843,SAMN02848113,simple,10090,Mus musculus,GSM1406784,,,,,,,no,,,,,GEO,SRA093588,,public,F5081B55A31295C564576CA812E536B3,709B87650351F2411212685572E30CB8
